Pixel,Wavelength,Red Intensity,Green Intensity,Blue Intensity
1,125.23103,0.575,1.025,0.01388888888888889
2,126.023864,0.225,0.575,0.09722222222222221
3,126.816698,0.175,0.025,0.09722222222222221
4,127.609532,0.175,0.025,0.09722222222222221
5,128.402366,0.275,0.025,0.01388888888888889
6,129.1952,0.375,0.225,0.01388888888888889
7,129.988034,0.125,0.125,0.01388888888888889
8,130.780868,0.075,0.075,0.01388888888888889
9,131.573702,0.225,0.275,0.09722222222222221
10,132.366536,0.175,0.175,0.041666666666666664
11,133.15937,0.125,0.075,0.09722222222222221
12,133.952204,0.175,0.025,0.125
13,134.745038,0.125,0.075,0.09722222222222221
14,135.537872,0.175,0.175,0.01388888888888889
15,136.33070600000002,0.325,0.275,0.01388888888888889
16,137.12354,0.375,0.375,0.01388888888888889
17,137.91637400000002,0.425,0.175,0.041666666666666664
18,138.70920800000002,0.325,0.125,0.041666666666666664
19,139.50204200000002,0.225,0.175,0.041666666666666664
20,140.29487600000002,0.225,0.275,0.01388888888888889
21,141.08771000000002,0.225,0.325,0.01388888888888889
22,141.88054400000001,0.025,0.275,0.01388888888888889
23,142.673378,0.125,0.225,0.01388888888888889
24,143.466212,0.175,0.275,0.041666666666666664
25,144.259046,0.575,0.225,0.041666666666666664
26,145.05188,0.025,0.125,0.041666666666666664
27,145.844714,0.025,0.125,0.01388888888888889
28,146.637548,0.175,0.125,0.06944444444444445
29,147.430382,0.175,0.125,0.06944444444444445
30,148.223216,0.025,0.125,0.041666666666666664
31,149.01605,0.025,0.125,0.06944444444444445
32,149.808884,0.025,0.225,0.125
33,150.601718,0.275,0.325,0.18055555555555555
34,151.394552,0.425,0.325,0.18055555555555555
35,152.187386,0.575,0.325,0.125
36,152.98022,0.625,0.225,0.06944444444444445
37,153.773054,0.325,0.275,0.01388888888888889
38,154.565888,0.175,0.225,0.01388888888888889
39,155.358722,0.175,0.225,0.01388888888888889
40,156.151556,0.375,0.275,0.041666666666666664
41,156.94439,0.475,0.275,0.01388888888888889
42,157.737224,0.375,0.225,0.01388888888888889
43,158.530058,0.275,0.325,0.01388888888888889
44,159.32289200000002,0.375,0.325,0.01388888888888889
45,160.115726,0.275,0.325,0.01388888888888889
46,160.90856000000002,0.225,0.525,0.01388888888888889
47,161.701394,0.375,0.575,0.01388888888888889
48,162.49422800000002,0.525,0.625,0.06944444444444445
49,163.287062,0.175,0.325,0.041666666666666664
50,164.07989600000002,0.075,0.325,0.01388888888888889
51,164.87273,0.125,0.375,0.01388888888888889
52,165.66556400000002,0.075,0.575,0.01388888888888889
53,166.45839800000002,0.075,0.625,0.041666666666666664
54,167.25123200000002,0.125,0.425,0.01388888888888889
55,168.04406600000002,0.075,0.125,0.041666666666666664
56,168.8369,0.125,0.025,0.06944444444444445
57,169.629734,0.125,0.025,0.20833333333333331
58,170.422568,0.175,0.025,0.2361111111111111
59,171.215402,0.325,0.025,0.2916666666666667
60,172.008236,0.325,0.025,0.18055555555555555
61,172.80107,0.375,0.025,0.1527777777777778
62,173.593904,0.275,0.025,0.06944444444444445
63,174.386738,0.175,0.075,0.01388888888888889
64,175.179572,0.175,0.075,0.01388888888888889
65,175.972406,0.125,0.075,0.09722222222222221
66,176.76524,0.125,0.075,0.09722222222222221
67,177.558074,0.275,0.075,0.125
68,178.350908,0.375,0.075,0.09722222222222221
69,179.143742,0.375,0.075,0.2033333333333333
70,179.936576,0.325,0.075,0.2033333333333333
71,180.72941,0.475,0.075,0.1838888888888889
72,181.522244,0.475,0.075,0.16444444444444442
73,182.315078,0.275,0.475,0.041666666666666664
74,183.107912,0.175,0.325,0.01388888888888889
75,183.900746,0.025,0.225,0.01388888888888889
76,184.69358,0.025,0.225,0.01388888888888889
77,185.48641400000002,0.225,0.325,0.01388888888888889
78,186.279248,0.375,0.325,0.01388888888888889
79,187.07208200000002,0.125,0.325,0.01388888888888889
80,187.864916,0.075,0.375,0.01388888888888889
81,188.65775000000002,0.075,0.475,0.06944444444444445
82,189.450584,0.075,0.575,0.06944444444444445
83,190.24341800000002,0.075,0.775,0.06944444444444445
84,191.036252,0.075,0.525,0.20833333333333331
85,191.82908600000002,0.075,0.425,0.2638888888888889
86,192.62192,0.075,0.375,0.18055555555555555
87,193.41475400000002,0.075,0.275,0.06944444444444445
88,194.20758800000002,0.075,0.475,0.01388888888888889
89,195.00042200000001,0.075,0.375,0.09722222222222221
90,195.793256,0.025,0.225,0.041666666666666664
91,196.58609,0.175,0.275,0.01388888888888889
92,197.378924,0.175,0.325,0.01388888888888889
93,198.171758,0.025,0.375,0.041666666666666664
94,198.964592,0.025,0.325,0.01388888888888889
95,199.757426,0.025,0.275,0.1527777777777778
96,200.55026,0.025,0.425,0.20833333333333331
97,201.343094,0.175,0.175,0.125
98,202.135928,0.025,0.125,0.125
99,202.928762,0.025,0.125,0.1527777777777778
100,203.721596,0.075,0.225,0.09722222222222221
101,204.51443,0.025,0.375,0.01388888888888889
102,205.307264,0.025,0.325,0.01388888888888889
103,206.100098,0.025,0.075,0.01388888888888889
104,206.892932,0.025,0.025,0.06944444444444445
105,207.685766,0.225,0.225,0.1527777777777778
106,208.47860000000003,0.175,0.075,0.125
107,209.271434,0.125,0.225,0.09722222222222221
108,210.06426800000003,0.025,0.175,0.041666666666666664
109,210.857102,0.075,0.175,0.01388888888888889
110,211.64993600000003,0.175,0.175,0.01388888888888889
111,212.44277,0.225,0.225,0.01388888888888889
112,213.23560400000002,0.275,0.175,0.01388888888888889
113,214.028438,0.125,0.425,0.2638888888888889
114,214.82127200000002,0.075,0.175,0.18055555555555555
115,215.614106,0.175,0.175,0.01388888888888889
116,216.40694000000002,0.175,0.075,0.01388888888888889
117,217.199774,0.325,0.225,0.01388888888888889
118,217.99260800000002,0.325,0.375,0.01388888888888889
119,218.785442,0.225,0.275,0.06944444444444445
120,219.57827600000002,0.175,0.325,0.09722222222222221
121,220.37111000000002,0.325,0.125,0.125
122,221.16394400000001,0.075,0.075,0.09722222222222221
123,221.956778,0.075,0.075,0.041666666666666664
124,222.749612,0.125,0.175,0.09722222222222221
125,223.542446,0.275,0.175,0.06944444444444445
126,224.33528,0.275,0.225,0.06944444444444445
127,225.128114,0.125,0.275,0.041666666666666664
128,225.920948,0.225,0.275,0.01388888888888889
129,226.713782,0.275,0.425,0.1527777777777778
130,227.506616,0.325,0.325,0.09722222222222221
131,228.29945,0.225,0.375,0.09722222222222221
132,229.092284,0.225,0.525,0.125
133,229.885118,0.125,0.525,0.42
134,230.677952,0.125,0.325,0.33666666666666667
135,231.470786,0.175,0.175,0.25055555555555553
136,232.26362,0.175,0.225,0.17277777777777778
137,233.05645400000003,0.325,0.225,0.2638888888888889
138,233.849288,0.375,0.175,0.2361111111111111
139,234.64212200000003,0.225,0.275,0.09722222222222221
140,235.434956,0.225,0.125,0.125
141,236.22779000000003,0.125,0.075,0.20833333333333331
142,237.020624,0.025,0.025,0.20833333333333331
143,237.81345800000003,0.025,0.075,0.20833333333333331
144,238.606292,0.025,0.125,0.2361111111111111
145,239.39912600000002,0.025,0.025,0.1527777777777778
146,240.19196,0.075,0.025,0.18055555555555555
147,240.98479400000002,0.225,0.025,0.125
148,241.777628,0.325,0.125,0.09722222222222221
149,242.57046200000002,0.325,0.125,0.09722222222222221
150,243.363296,0.225,0.225,0.125
151,244.15613000000002,0.075,0.225,0.125
152,244.94896400000002,0.025,0.225,0.1527777777777778
153,245.74179800000002,0.275,0.325,0.20833333333333331
154,246.53463200000002,0.225,0.025,0.1527777777777778
155,247.32746600000002,0.175,0.025,0.18055555555555555
156,248.12030000000001,0.025,0.175,0.2638888888888889
157,248.913134,0.025,0.275,0.20833333333333331
158,249.705968,0.075,0.425,0.2916666666666667
159,250.498802,0.075,0.175,0.2916666666666667
160,251.291636,0.075,0.025,0.375
161,252.08447,0.125,0.125,0.3194444444444444
162,252.877304,0.175,0.025,0.3194444444444444
163,253.670138,0.225,0.025,0.3472222222222222
164,254.462972,0.225,0.075,0.40277777777777773
165,255.255806,0.225,0.125,0.6083333333333333
166,256.04864,0.275,0.175,0.6361111111111111
167,256.841474,0.425,0.325,0.49722222222222223
168,257.63430800000003,0.425,0.375,0.38611111111111107
169,258.427142,0.325,0.125,0.49444444444444446
170,259.219976,0.125,0.125,0.5416666666666666
171,260.01281,0.275,0.475,0.5694444444444444
172,260.80564400000003,0.175,0.325,0.5694444444444444
173,261.598478,0.025,0.175,0.5694444444444444
174,262.39131199999997,0.225,0.125,0.5222222222222221
175,263.184146,0.075,0.225,0.5305555555555556
176,263.97698,0.125,0.275,0.42777777777777776
177,264.769814,0.125,0.025,0.725
178,265.562648,0.125,0.025,0.6333333333333333
179,266.35548200000005,0.175,0.025,0.625
180,267.148316,0.375,0.025,0.625
181,267.94115,0.325,0.261,0.6338888888888888
182,268.733984,0.175,0.261,0.6338888888888888
183,269.52681800000005,0.175,0.261,0.6225
184,270.319652,0.225,0.296,0.6225
185,271.112486,0.275,0.025,0.9527777777777778
186,271.90532,0.225,0.025,0.8972222222222221
187,272.69815400000005,0.225,0.025,0.8416666666666666
188,273.490988,0.175,0.025,0.7583333333333333
189,274.283822,0.225,0.175,0.6811111111111111
190,275.076656,0.225,0.225,0.7366666666666667
191,275.86949000000004,0.225,0.275,0.8755555555555555
192,276.662324,0.275,0.325,0.8755555555555555
193,277.455158,0.175,0.425,0.6655555555555556
194,278.247992,0.175,0.375,0.6655555555555556
195,279.04082600000004,0.375,0.375,0.755
196,279.83366,0.325,0.425,0.6716666666666667
197,280.626494,0.225,0.425,0.7055555555555556
198,281.419328,0.225,0.275,0.7333333333333334
199,282.21216200000003,0.225,0.225,0.8505555555555555
200,283.004996,0.325,0.225,1.1283333333333334
201,283.79783,0.175,0.275,0.9305555555555556
202,284.590664,0.225,0.175,0.9583333333333334
203,285.38349800000003,0.275,0.225,0.986111111111111
204,286.176332,0.325,0.325,0.9583333333333334
205,286.969166,0.275,0.375,0.8194444444444444
206,287.762,0.025,0.325,0.7916666666666666
207,288.554834,0.025,0.275,0.7722222222222221
208,289.347668,0.125,0.225,0.8833333333333333
209,290.140502,0.325,0.325,0.8194444444444444
210,290.93333600000005,0.125,0.325,0.8194444444444444
211,291.72617,0.175,0.325,0.9027777777777778
212,292.519004,0.125,0.375,0.9583333333333334
213,293.311838,0.175,0.475,0.986111111111111
214,294.10467200000005,0.225,0.525,0.9583333333333334
215,294.897506,0.175,0.475,0.875
216,295.69034,0.375,0.375,0.875
217,296.483174,0.025,0.425,0.7044444444444444
218,297.27600800000005,0.025,0.425,0.7044444444444444
219,298.068842,0.275,0.325,0.7166666666666667
220,298.861676,0.575,0.375,0.8277777777777777
221,299.65451,0.575,0.375,0.7722222222222221
222,300.44734400000004,0.375,0.275,0.7722222222222221
223,301.240178,0.075,0.175,0.7444444444444445
224,302.033012,0.025,0.125,0.7166666666666667
225,302.825846,0.325,0.275,0.7177777777777777
226,303.61868000000004,0.175,0.175,0.8566666666666667
227,304.411514,0.125,0.125,0.8011111111111111
228,305.204348,0.075,0.025,0.9122222222222222
229,305.997182,0.025,0.225,0.9122222222222222
230,306.79001600000004,0.025,0.525,0.9122222222222222
231,307.58285,0.175,0.525,0.7699999999999999
232,308.375684,0.225,0.325,0.6866666666666666
233,309.168518,0.125,0.675,0.888611111111111
234,309.96135200000003,0.275,0.675,0.9472222222222222
235,310.754186,0.275,0.525,0.9194444444444444
236,311.54702,0.025,0.325,0.7805555555555556
237,312.339854,0.025,0.275,0.836111111111111
238,313.13268800000003,0.225,0.375,0.7805555555555556
239,313.925522,0.225,0.425,0.836111111111111
240,314.718356,0.075,0.425,0.8083333333333333
241,315.51119000000006,0.275,0.525,0.9472222222222222
242,316.304024,0.225,0.375,0.8638888888888888
243,317.096858,0.025,0.025,0.8638888888888888
244,317.889692,0.025,0.225,0.836111111111111
245,318.68252600000005,0.025,0.225,0.836111111111111
246,319.47536,0.025,0.025,0.9472222222222222
247,320.268194,0.075,0.125,0.836111111111111
248,321.061028,0.225,0.125,0.8608333333333333
249,321.85386200000005,0.325,0.325,0.8294444444444444
250,322.646696,0.225,0.225,0.9405555555555556
251,323.43953,0.125,0.125,0.9405555555555556
252,324.232364,0.275,0.125,0.8572222222222221
253,325.02519800000005,0.225,0.125,0.6627777777777778
254,325.818032,0.025,0.125,0.6597222222222222
255,326.610866,0.125,0.125,0.7738888888888888
256,327.4037,0.225,0.125,0.885
257,328.19653400000004,0.525,0.325,0.7183333333333333
258,328.989368,0.425,0.275,0.8572222222222221
259,329.782202,0.325,0.025,0.9405555555555556
260,330.575036,0.275,0.025,0.9405555555555556
261,331.36787000000004,0.225,0.025,0.9127777777777778
262,332.160704,0.225,0.175,0.7738888888888888
263,332.953538,0.275,0.425,0.7738888888888888
264,333.746372,0.375,0.525,0.9127777777777778
265,334.53920600000004,0.625,0.366,1.0694444444444444
266,335.33204,0.525,0.401,1.0694444444444444
267,336.124874,0.225,0.501,0.986111111111111
268,336.917708,0.175,0.671,1.0138888888888888
269,337.71054200000003,0.025,0.525,1.0138888888888888
270,338.503376,0.025,0.425,0.986111111111111
271,339.29621,0.125,0.275,0.986111111111111
272,340.089044,0.125,0.225,0.9583333333333334
273,340.88187800000003,0.175,0.475,0.986111111111111
274,341.674712,0.025,0.475,0.986111111111111
275,342.467546,0.025,0.475,1.0416666666666667
276,343.26038000000005,0.025,0.425,1.0416666666666667
277,344.053214,0.225,0.025,1.0694444444444444
278,344.846048,0.375,0.025,1.0694444444444444
279,345.638882,0.175,0.025,1.152777777777778
280,346.43171600000005,0.175,0.025,1.2083333333333333
281,347.22455,0.475,0.375,1.2916666666666667
282,348.017384,0.275,0.325,1.2361111111111112
283,348.810218,0.225,0.175,1.1805555555555556
284,349.60305200000005,0.075,0.125,1.1805555555555556
285,350.395886,0.325,0.125,1.152777777777778
286,351.18872,0.425,0.125,1.1805555555555556
287,351.981554,0.175,0.275,1.1805555555555556
288,352.77438800000004,0.125,0.325,1.1805555555555556
289,353.567222,0.075,0.475,1.152777777777778
290,354.360056,0.125,0.525,1.152777777777778
291,355.15289,0.275,0.325,1.0972222222222223
292,355.94572400000004,0.175,0.325,1.1805555555555556
293,356.738558,0.025,0.125,1.152777777777778
294,357.531392,0.175,0.125,1.0972222222222223
295,358.324226,0.525,0.025,1.1805555555555556
296,359.11706000000004,0.575,0.175,1.1775
297,359.909894,0.375,0.361,1.3094444444444446
298,360.702728,0.375,0.311,1.2538888888888888
299,361.495562,0.375,0.261,1.2816666666666665
300,362.28839600000003,0.175,0.641,1.3372222222222223
301,363.08123,0.125,0.741,1.4483333333333335
302,363.874064,0.025,0.361,1.392777777777778
303,364.666898,0.025,0.411,1.2816666666666665
304,365.45973200000003,0.025,0.361,1.3094444444444446
305,366.252566,0.075,0.311,1.3094444444444446
306,367.04540000000003,0.075,0.346,1.4761111111111112
307,367.83823400000006,0.175,0.466,1.6705555555555556
308,368.631068,0.375,0.536,1.5316666666666667
309,369.423902,0.275,0.401,1.2538888888888888
310,370.216736,0.125,0.381,1.392777777777778
311,371.00957000000005,0.075,0.296,1.7261111111111112
312,371.802404,0.075,0.481,1.365
313,372.595238,0.325,0.373,1.6083333333333334
314,373.388072,0.175,0.373,1.4416666666666667
315,374.18090600000005,0.125,0.293,1.4416666666666667
316,374.97374,0.025,0.343,1.4416666666666667
317,375.766574,0.025,0.293,1.4694444444444443
318,376.559408,0.075,0.193,1.4138888888888888
319,377.35224200000005,0.125,0.243,1.3583333333333332
320,378.145076,0.225,0.243,1.497222222222222
321,378.93791,0.175,0.516,1.386111111111111
322,379.730744,0.125,0.446,1.3305555555555555
323,380.52357800000004,0.525,0.361,1.3027777777777778
324,381.316412,0.275,0.361,1.3027777777777778
325,382.10924600000004,0.125,0.366,1.2361111111111112
326,382.90208,0.225,0.416,1.3916666666666666
327,383.69491400000004,0.225,0.416,1.2916666666666667
328,384.487748,0.575,0.431,1.347222222222222
329,385.28058200000004,0.175,0.275,1.386111111111111
330,386.073416,0.175,0.225,1.386111111111111
331,386.86625000000004,0.075,0.175,1.3027777777777778
332,387.659084,0.025,0.175,1.3583333333333332
333,388.45191800000003,0.025,0.125,1.3583333333333332
334,389.244752,0.025,0.175,1.3305555555555555
335,390.03758600000003,0.175,0.175,1.3583333333333332
336,390.83042,0.175,0.175,1.3305555555555555
337,391.62325400000003,0.025,0.375,1.3583333333333332
338,392.416088,0.025,0.175,1.3305555555555555
339,393.20892200000003,0.025,0.075,1.2194444444444443
340,394.001756,0.275,0.125,1.275
341,394.79459,0.225,0.125,1.497222222222222
342,395.587424,0.225,0.225,1.525
343,396.380258,0.175,0.275,1.4694444444444443
344,397.173092,0.125,0.525,1.3027777777777778
345,397.965926,0.225,0.275,1.525
346,398.75876,0.225,0.425,1.4416666666666667
347,399.551594,0.225,0.475,1.4138888888888888
348,400.344428,0.225,0.325,1.3305555555555555
349,401.137262,0.125,0.275,1.3583333333333332
350,401.930096,0.225,0.275,1.3305555555555555
351,402.72293,0.225,0.475,1.4416666666666667
352,403.51576400000005,0.225,0.375,1.386111111111111
353,404.308598,0.025,0.475,1.4694444444444443
354,405.10143200000005,0.025,0.275,1.4694444444444443
355,405.894266,0.175,0.225,1.386111111111111
356,406.68710000000004,0.275,0.175,1.3583333333333332
357,407.479934,0.589,0.225,1.2516666666666667
358,408.27276800000004,0.554,0.425,1.2516666666666667
359,409.065602,0.519,0.275,1.2516666666666667
360,409.85843600000004,0.519,0.175,1.2516666666666667
361,410.65127,0.175,0.125,1.1636111111111112
362,411.44410400000004,0.225,0.225,1.1472222222222221
363,412.236938,0.175,0.275,1.1472222222222221
364,413.02977200000004,0.175,0.375,1.175
365,413.822606,0.125,0.375,1.295
366,414.61544000000004,0.175,0.225,1.3811111111111112
367,415.408274,0.125,0.175,1.4405555555555556
368,416.20110800000003,0.125,0.125,1.5266666666666668
369,416.993942,0.275,0.375,1.4761111111111112
370,417.78677600000003,0.375,0.275,1.5788888888888888
371,418.57961,0.375,0.125,1.6105555555555555
372,419.37244400000003,0.225,0.025,1.6105555555555555
373,420.165278,0.075,0.025,1.715
374,420.958112,0.125,0.025,1.6872222222222222
375,421.750946,0.175,0.025,1.6716666666666666
376,422.54378,0.125,0.025,1.643888888888889
377,423.336614,0.125,0.143,1.5872222222222223
378,424.129448,0.325,0.143,1.6427777777777777
379,424.922282,0.325,0.143,1.655
380,425.715116,0.075,0.248,1.616111111111111
381,426.50795,0.125,0.248,1.5688888888888888
382,427.300784,0.375,0.143,1.5827777777777778
383,428.093618,0.375,0.143,1.6322222222222222
384,428.886452,0.125,0.143,1.5822222222222222
385,429.67928600000005,0.325,0.143,1.7983333333333333
386,430.47212,0.325,0.243,1.837222222222222
387,431.26495400000005,0.225,0.243,2.06
388,432.057788,0.225,0.283,2.1494444444444447
389,432.85062200000004,0.164,0.283,2.464166666666667
390,433.643456,0.075,0.143,3.265833333333333
391,434.43629000000004,0.075,0.293,4.261111111111111
392,435.229124,0.075,0.293,5.141666666666667
393,436.02195800000004,0.425,0.325,5.440555555555555
394,436.814792,0.375,0.275,6.696666666666666
395,437.60762600000004,0.375,0.375,9.968333333333334
396,438.40046,0.175,0.425,12.940555555555555
397,439.19329400000004,0.175,0.475,14.55111111111111
398,439.986128,0.325,0.525,16.634444444444444
399,440.77896200000004,0.425,0.425,19.49
400,441.571796,0.375,0.375,20.906666666666666
401,442.36463000000003,0.375,0.296,22.045555555555556
402,443.157464,0.375,0.331,22.767777777777777
403,443.95029800000003,0.375,0.436,23.587222222222223
404,444.743132,0.325,0.791,24.031666666666666
405,445.53596600000003,0.325,0.791,24.564444444444444
406,446.3288,0.325,0.471,26.14777777777778
407,447.12163400000003,0.375,0.366,28.33833333333333
408,447.914468,0.425,0.331,30.116111111111113
409,448.707302,0.275,0.375,30.08388888888889
410,449.500136,0.175,0.275,30.30611111111111
411,450.29297,0.075,0.375,30.7
412,451.085804,0.125,0.375,31.45
413,451.878638,0.125,0.225,32.36277777777778
414,452.671472,0.275,0.175,33.103611111111114
415,453.464306,0.375,0.525,33.31722222222222
416,454.25714,0.425,0.675,33.135
417,455.049974,0.425,0.575,33.35166666666667
418,455.84280800000005,0.225,0.725,32.657222222222224
419,456.635642,0.225,0.475,31.517777777777777
420,457.42847600000005,0.575,0.425,30.51472222222222
421,458.22131,1.025,0.225,30.416666666666664
422,459.01414400000004,0.975,0.275,30.583333333333332
423,459.806978,0.675,0.475,30.03388888888889
424,460.59981200000004,0.475,0.575,29.311666666666667
425,461.392646,0.525,0.989,28.557222222222222
426,462.18548000000004,0.475,1.024,27.501666666666665
427,462.978314,0.275,1.074,26.94833333333333
428,463.77114800000004,0.425,0.839,26.170555555555556
429,464.563982,0.775,1.0,25.01722222222222
430,465.35681600000004,0.825,1.19,24.822777777777777
431,466.14965,0.675,1.12,24.39944444444444
432,466.94248400000004,0.675,1.12,22.843888888888888
433,467.735318,0.375,0.965,21.44611111111111
434,468.52815200000003,0.425,1.0,20.529444444444447
435,469.320986,0.425,0.895,20.032777777777778
436,470.11382000000003,0.625,0.93,20.032777777777778
437,470.906654,0.675,1.035,19.88222222222222
438,471.69948800000003,0.625,1.105,19.63222222222222
439,472.492322,0.425,1.07,18.773888888888887
440,473.28515600000003,0.375,1.155,17.551666666666666
441,474.07799,0.125,1.81,15.884444444444444
442,474.870824,0.175,1.49,14.967777777777778
443,475.663658,0.225,2.015,14.595
444,476.456492,0.225,2.23,14.122777777777777
445,477.249326,0.225,1.725,12.906111111111112
446,478.04216,0.175,1.95,12.239444444444443
447,478.834994,0.225,2.12,12.33388888888889
448,479.627828,0.225,2.045,12.000555555555554
449,480.42066200000005,0.225,2.665,11.541111111111112
450,481.213496,0.275,2.025,11.124444444444444
451,482.00633000000005,0.425,2.1,11.206666666666667
452,482.799164,0.525,2.49,11.206666666666667
453,483.59199800000005,0.575,2.839,10.775555555555556
454,484.384832,0.525,3.864,10.775555555555556
455,485.17766600000004,0.475,4.953,10.873333333333333
456,485.9705,0.475,5.218,10.540000000000001
457,486.76333400000004,0.725,5.739,10.336666666666668
458,487.556168,0.525,7.739,10.475555555555557
459,488.34900200000004,0.375,9.05,10.329444444444444
460,489.141836,0.475,11.17,9.857222222222221
461,489.93467000000004,0.625,14.385,9.298333333333332
462,490.727504,0.575,14.78,8.770555555555555
463,491.52033800000004,0.425,16.095,8.055
464,492.313172,0.275,16.53,7.499444444444444
465,493.10600600000004,0.325,16.828,7.721666666666666
466,493.89884,0.375,17.153,7.66611111111111
467,494.69167400000003,0.275,17.85,7.354444444444444
468,495.484508,0.375,18.395,7.2155555555555555
469,496.27734200000003,0.375,20.583,6.919444444444444
470,497.070176,0.275,22.728,6.558333333333333
471,497.86301000000003,0.375,25.644,6.261666666666667
472,498.655844,0.325,26.834,6.039444444444444
473,499.44867800000003,0.475,28.497,5.823888888888889
474,500.241512,0.775,29.057,5.573888888888889
475,501.034346,0.575,30.089,5.349444444444444
476,501.82718,0.075,30.684,5.071666666666666
477,502.620014,0.075,31.742,4.944999999999999
478,503.412848,0.275,32.037,4.639444444444445
479,504.205682,0.325,32.429,4.3372222222222225
480,504.99851600000005,0.075,32.574,4.003888888888889
481,505.79135,0.325,33.223,3.6038888888888887
482,506.58418400000005,0.125,33.093,3.409444444444444
483,507.377018,0.175,33.33,3.1783333333333332
484,508.16985200000005,0.475,33.68,2.983888888888889
485,508.962686,0.475,33.91,2.8516666666666666
486,509.75552000000005,0.175,33.435,2.7127777777777777
487,510.548354,0.275,33.406,2.501111111111111
488,511.34118800000005,0.525,33.481,2.387222222222222
489,512.134022,0.425,33.088,2.1683333333333334
490,512.926856,0.375,32.893,2.418333333333333
491,513.71969,0.375,32.091,2.476111111111111
492,514.512524,0.375,31.891,2.3094444444444444
493,515.3053580000001,0.425,32.269,1.8416666666666666
494,516.098192,0.075,32.454,1.7944444444444443
495,516.891026,0.225,32.478,1.6988888888888887
496,517.6838600000001,0.225,32.488,1.5266666666666668
497,518.476694,0.475,32.355,1.8205555555555555
498,519.269528,0.375,31.26,1.3955555555555554
499,520.062362,0.425,30.579,1.761111111111111
500,520.855196,0.425,29.719,1.8916666666666666
501,521.6480300000001,0.425,28.247,1.5305555555555554
502,522.440864,0.275,28.167,1.7055555555555555
503,523.233698,0.275,26.212,1.817222222222222
504,524.0265320000001,0.475,22.972,1.445
505,524.819366,0.425,20.162,1.5272222222222223
506,525.6122,0.325,19.427,1.4994444444444444
507,526.405034,0.225,18.32,1.4227777777777777
508,527.197868,0.125,17.55,1.4227777777777777
509,527.990702,0.125,16.586,1.4444444444444444
510,528.783536,0.025,15.936,1.35
511,529.57637,0.225,14.066,1.3377777777777777
512,530.3692040000001,0.325,13.016,1.346111111111111
513,531.162038,0.625,12.608,1.4166666666666665
514,531.954872,0.525,11.378,1.2944444444444445
515,532.7477060000001,0.575,10.615,1.1072222222222223
516,533.54054,0.475,9.715,1.1822222222222223
517,534.333374,0.475,8.214,1.347222222222222
518,535.126208,0.475,7.409,1.4305555555555556
519,535.919042,0.575,6.502,1.152777777777778
520,536.7118760000001,0.575,5.662,1.0663888888888888
521,537.50471,0.725,4.888,1.3883333333333334
522,538.297544,0.625,4.638,1.3161111111111112
523,539.0903780000001,0.325,4.903,1.2966666666666666
524,539.883212,0.225,4.853,1.2966666666666666
525,540.676046,0.225,3.96,1.135
526,541.46888,0.125,4.115,1.0238888888888888
527,542.261714,0.475,4.635,0.9194444444444444
528,543.0545480000001,0.575,4.5,0.6694444444444445
529,543.847382,0.775,4.045,0.9472222222222222
530,544.640216,0.625,3.93,0.9749999999999999
531,545.4330500000001,0.375,3.875,0.836111111111111
532,546.225884,0.175,3.81,0.8638888888888888
533,547.018718,0.425,3.78,1.0705555555555555
534,547.811552,0.575,3.725,1.0983333333333334
535,548.604386,0.575,3.5,1.0427777777777778
536,549.3972200000001,0.275,3.2955,1.0983333333333334
537,550.190054,0.675,3.067,1.1949999999999998
538,550.982888,0.525,2.7975,1.1949999999999998
539,551.7757220000001,0.475,2.5025,1.2227777777777777
540,552.568556,0.375,2.617,1.2227777777777777
541,553.36139,0.425,2.587,1.2227777777777777
542,554.154224,0.475,2.702,1.2505555555555554
543,554.947058,0.475,2.3735,1.2638888888888888
544,555.739892,0.575,2.0065,1.1805555555555556
545,556.532726,0.725,2.3295,1.1805555555555556
546,557.32556,0.625,1.736,1.0138888888888888
547,558.1183940000001,0.725,1.4995,1.375
548,558.911228,0.875,1.5845,1.375
549,559.704062,0.725,1.175,1.2166666666666666
550,560.4968960000001,0.625,1.12,1.2166666666666666
551,561.28973,0.425,1.405,1.4111111111111112
552,562.082564,0.375,1.035,1.1055555555555556
553,562.875398,0.575,1.215,1.0416666666666667
554,563.668232,0.525,1.375,0.9944444444444445
555,564.4610660000001,0.275,1.53,1.0138888888888888
556,565.2539,0.375,1.175,0.9583333333333334
557,566.046734,0.475,0.98,0.9027777777777778
558,566.8395680000001,0.625,0.84,1.0416666666666667
559,567.632402,0.825,0.895,1.0416666666666667
560,568.425236,0.725,1.035,1.0499999999999998
561,569.21807,0.875,1.235,1.0694444444444444
562,570.010904,0.875,1.235,1.0138888888888888
563,570.8037380000001,0.775,1.17,0.9305555555555556
564,571.596572,0.775,1.07,0.9027777777777778
565,572.389406,0.775,1.0,0.875
566,573.1822400000001,0.775,0.965,0.8472222222222221
567,573.975074,0.875,0.93,0.9027777777777778
568,574.767908,0.875,0.895,0.911111111111111
569,575.560742,0.825,0.79,0.986111111111111
570,576.353576,0.825,0.93,0.9305555555555556
571,577.1464100000001,0.775,1.315,0.9305555555555556
572,577.939244,0.675,0.965,1.152777777777778
573,578.732078,0.475,0.93,1.1805555555555556
574,579.5249120000001,0.575,1.21,1.1805555555555556
575,580.3177459999999,0.475,0.895,1.125
576,581.11058,0.325,0.79,1.0972222222222223
577,581.9034140000001,0.425,0.475,0.9027777777777778
578,582.696248,0.625,0.325,0.9583333333333334
579,583.489082,0.725,0.325,1.0138888888888888
580,584.281916,0.425,0.325,1.0138888888888888
581,585.07475,0.775,0.275,1.0416666666666667
582,585.8675840000001,0.975,0.375,1.0138888888888888
583,586.660418,0.975,0.325,0.986111111111111
584,587.453252,0.775,0.425,0.986111111111111
585,588.2460860000001,1.225,0.475,1.1838888888888888
586,589.03892,1.125,0.725,1.1005555555555555
587,589.831754,1.075,0.825,0.795
588,590.624588,1.025,0.475,0.7116666666666666
589,591.417422,1.025,0.375,0.7116666666666666
590,592.2102560000001,0.975,0.575,0.8227777777777778
591,593.00309,0.975,0.675,0.9338888888888889
592,593.795924,1.125,0.575,0.9894444444444443
593,594.5887580000001,1.451,0.625,0.8783333333333333
594,595.381592,1.251,0.675,0.8783333333333333
595,596.174426,1.101,0.725,0.8227777777777778
596,596.96726,1.301,0.675,0.8505555555555555
597,597.760094,1.684,0.725,0.8505555555555555
598,598.5529280000001,1.723,0.825,0.8227777777777778
599,599.345762,1.495,0.575,0.7672222222222222
600,600.138596,1.367,0.625,0.795
601,600.9314300000001,1.993,0.475,0.6472222222222223
602,601.724264,2.121,0.525,0.7305555555555555
603,602.517098,2.31,0.425,0.675
604,603.309932,2.749,0.475,0.6472222222222223
605,604.102766,2.909,0.625,0.6472222222222223
606,604.8956000000001,3.259,0.475,0.7583333333333333
607,605.688434,3.587,0.425,0.7583333333333333
608,606.481268,3.5925,0.425,0.6277777777777777
609,607.2741020000001,4.235,0.675,0.925
610,608.066936,4.0295,0.325,0.7583333333333333
611,608.85977,4.262,0.225,0.7305555555555555
612,609.6526040000001,4.8775,0.125,0.6833333333333333
613,610.445438,5.5075,0.525,0.7027777777777777
614,611.238272,5.971,0.625,0.8694444444444444
615,612.031106,6.9875,0.725,0.8972222222222221
616,612.82394,8.0265,0.275,0.8972222222222221
617,613.6167740000001,9.632,0.475,0.7144444444444444
618,614.409608,9.995,0.475,0.7144444444444444
619,615.202442,10.902,0.175,0.7699999999999999
620,615.9952760000001,11.7635,0.175,0.8255555555555555
621,616.78811,12.951,0.175,0.8694444444444444
622,617.580944,14.037,0.175,0.8972222222222221
623,618.373778,15.3755,0.075,0.7861111111111111
624,619.166612,16.232,0.075,0.8138888888888889
625,619.9594460000001,17.6055,0.275,0.9527777777777778
626,620.75228,18.7335,0.275,0.8694444444444444
627,621.545114,21.011,0.275,0.7816666666666666
628,622.3379480000001,23.043,0.525,0.6983333333333333
629,623.130782,25.017,0.475,0.6266666666666666
630,623.923616,26.017,0.225,0.6822222222222222
631,624.71645,26.37,0.125,0.6822222222222222
632,625.509284,26.302,0.125,0.7377777777777778
633,626.3021180000001,27.687,0.325,0.6616666666666667
634,627.094952,27.774,0.525,0.856111111111111
635,627.887786,27.0145,0.725,0.6338888888888888
636,628.6806200000001,25.803,0.725,0.5163888888888889
637,629.473454,24.591,0.725,0.5163888888888889
638,630.266288,23.732,0.575,0.6338888888888888
639,631.059122,22.8135,0.275,0.745
640,631.851956,22.72,0.175,0.5505555555555556
641,632.6447900000001,24.303,0.325,0.7141666666666667
642,633.437624,25.285,0.325,0.5277777777777778
643,634.230458,26.5475,0.275,0.5163888888888889
644,635.0232920000001,27.309,0.225,0.4888888888888889
645,635.816126,27.7665,0.225,0.46277777777777773
646,636.60896,27.7485,0.225,0.5016666666666667
647,637.4017940000001,27.849,0.175,0.5016666666666667
648,638.194628,27.8285,0.225,0.5116666666666667
649,638.987462,28.466,0.525,0.6338888888888888
650,639.7802960000001,28.0275,0.225,0.606111111111111
651,640.57313,27.1695,0.125,0.5783333333333333
652,641.3659640000001,26.699,0.325,0.5588888888888889
653,642.1587979999999,26.906,0.375,0.6411111111111111
654,642.951632,27.7265,0.525,0.6883333333333334
655,643.7444660000001,28.241,0.525,0.6799999999999999
656,644.5373,28.55,0.225,0.6994444444444444
657,645.330134,28.697,0.725,0.5577777777777778
658,646.1229680000001,27.415,0.375,0.6688888888888889
659,646.915802,26.7,0.225,0.6772222222222223
660,647.7086360000001,26.5525,0.025,0.5272222222222221
661,648.5014699999999,25.632,0.025,0.518888888888889
662,649.294304,24.2205,0.075,0.6522222222222221
663,650.0871380000001,23.354,0.075,0.6522222222222221
664,650.879972,22.6955,0.325,0.49944444444444447
665,651.672806,21.124,0.125,0.5805555555555555
666,652.4656400000001,19.618,0.025,0.5805555555555555
667,653.258474,17.2615,0.025,0.5805555555555555
668,654.0513080000001,15.466,0.325,0.5805555555555555
669,654.8441419999999,13.001,0.625,0.5805555555555555
670,655.636976,10.763,0.775,0.5527777777777778
671,656.4298100000001,8.572,0.525,0.5527777777777778
672,657.222644,7.86,0.225,0.5249999999999999
673,658.015478,7.418,0.475,0.5805555555555555
674,658.8083120000001,6.868,0.425,0.6083333333333333
675,659.601146,6.165,0.325,0.6916666666666668
676,660.39398,6.265,0.375,0.6916666666666668
677,661.1868140000001,6.297,0.275,0.625
678,661.979648,6.197,0.225,0.5694444444444444
679,662.7724820000001,6.326,0.325,0.5305555555555556
680,663.5653159999999,6.4055,0.275,0.475
681,664.35815,6.487,0.725,0.675
682,665.1509840000001,6.387,0.475,0.675
683,665.943818,6.194,0.325,0.7194444444444444
684,666.736652,5.444,0.325,0.7472222222222222
685,667.5294860000001,4.86,0.175,0.7305555555555555
686,668.32232,4.875,0.325,0.6472222222222223
687,669.1151540000001,4.634,0.125,0.586111111111111
688,669.9079879999999,4.454,0.075,0.5583333333333332
689,670.700822,4.5785,0.175,0.46944444444444444
690,671.4936560000001,4.5785,0.175,0.3472222222222222
691,672.28649,4.453,0.075,0.3
692,673.079324,4.553,0.175,0.3277777777777778
693,673.8721580000001,4.619,0.275,0.485
694,674.664992,4.38,0.125,0.485
695,675.4578260000001,4.417,0.125,0.5177777777777778
696,676.2506599999999,4.028,0.125,0.49
697,677.043494,3.099,0.275,0.5983333333333333
698,677.8363280000001,2.899,0.175,0.4872222222222222
699,678.629162,2.249,0.275,0.365
700,679.421996,1.895,0.275,0.3372222222222222
701,680.2148300000001,2.115,0.175,0.36333333333333334
702,681.007664,2.315,0.375,0.47444444444444445
703,681.8004980000001,2.081,0.225,0.19555555555555554
704,682.5933320000001,1.5305,0.325,0.11222222222222222
705,683.386166,1.71,0.375,0.20666666666666667
706,684.1790000000001,1.571,0.325,0.2538888888888889
707,684.971834,1.1685,0.175,0.205
708,685.764668,1.0795,0.075,0.21333333333333332
709,686.5575020000001,1.1865,0.075,0.18055555555555555
710,687.350336,1.181,0.275,0.18055555555555555
711,688.14317,0.9365,0.325,0.205
712,688.9360040000001,0.6865,0.375,0.14944444444444446
713,689.728838,0.725,0.225,0.2916666666666667
714,690.5216720000001,0.575,0.275,0.2361111111111111
715,691.3145059999999,0.375,0.275,0.1527777777777778
716,692.10734,0.275,0.275,0.18055555555555555
717,692.9001740000001,0.425,0.325,0.2638888888888889
718,693.693008,0.475,0.225,0.2361111111111111
719,694.485842,0.225,0.275,0.2638888888888889
720,695.2786760000001,0.225,0.225,0.2638888888888889
721,696.07151,0.125,0.225,0.2361111111111111
722,696.8643440000001,0.175,0.225,0.1527777777777778
723,697.6571779999999,0.175,0.125,0.2361111111111111
724,698.450012,0.325,0.025,0.2638888888888889
725,699.2428460000001,0.275,0.175,0.2361111111111111
726,700.03568,0.2695,0.225,0.125
727,700.828514,0.1195,0.225,0.125
728,701.6213480000001,0.0695,0.325,0.1527777777777778
729,702.414182,0.775,0.325,0.09722222222222221
730,703.2070160000001,0.475,0.325,0.125
731,703.9998499999999,0.225,0.175,0.3194444444444444
732,704.792684,0.375,0.225,0.3472222222222222
733,705.5855180000001,0.675,0.375,0.3472222222222222
734,706.378352,0.875,0.275,0.3194444444444444
735,707.171186,0.575,0.275,0.125
736,707.9640200000001,0.275,0.275,0.09722222222222221
737,708.756854,0.025,0.225,0.09722222222222221
738,709.5496880000001,0.025,0.225,0.09722222222222221
739,710.3425220000001,0.025,0.325,0.2638888888888889
740,711.135356,0.175,0.425,0.3472222222222222
741,711.9281900000001,0.175,0.425,0.39777777777777773
742,712.7210239999999,0.175,0.375,0.3144444444444444
743,713.513858,0.275,0.325,0.2588888888888889
744,714.3066920000001,0.375,0.375,0.2033333333333333
745,715.099526,0.525,0.025,0.06944444444444445
746,715.89236,0.425,0.025,0.06944444444444445
747,716.6851940000001,0.125,0.025,0.06944444444444445
748,717.478028,0.025,0.025,0.2638888888888889
749,718.2708620000001,0.025,0.075,0.2916666666666667
750,719.0636959999999,0.025,0.425,0.06944444444444445
751,719.85653,0.275,0.025,0.06944444444444445
752,720.6493640000001,0.325,0.175,0.041666666666666664
753,721.442198,0.475,0.125,0.18055555555555555
754,722.235032,0.275,0.125,0.1527777777777778
755,723.0278660000001,0.525,0.125,0.09722222222222221
756,723.8207,0.675,0.075,0.1527777777777778
757,724.6135340000001,0.575,0.075,0.3472222222222222
758,725.4063679999999,0.375,0.025,0.1527777777777778
759,726.199202,0.425,0.025,0.06944444444444445
760,726.9920360000001,0.525,0.025,0.01388888888888889
761,727.78487,0.375,0.175,0.2361111111111111
762,728.577704,0.425,0.125,0.375
763,729.3705380000001,0.325,0.075,0.3194444444444444
764,730.163372,0.325,0.075,0.041666666666666664
765,730.9562060000001,0.375,0.125,0.01388888888888889
766,731.7490399999999,0.275,0.125,0.18055555555555555
767,732.541874,0.375,0.075,0.20833333333333331
768,733.3347080000001,0.425,0.225,0.125
769,734.127542,0.225,0.225,0.125
770,734.920376,0.175,0.225,0.09722222222222221
771,735.7132100000001,0.175,0.275,0.09722222222222221
772,736.506044,0.125,0.475,0.041666666666666664
773,737.2988780000001,0.125,0.375,0.01388888888888889
774,738.0917120000001,0.175,0.325,0.01388888888888889
775,738.884546,0.175,0.375,0.01388888888888889
776,739.6773800000001,0.225,0.375,0.01388888888888889
777,740.4702139999999,0.325,0.475,0.01388888888888889
778,741.263048,0.225,0.425,0.01388888888888889
779,742.0558820000001,0.175,0.275,0.01388888888888889
780,742.848716,0.025,0.225,0.01388888888888889
781,743.64155,0.225,0.175,0.01388888888888889
782,744.4343840000001,0.225,0.175,0.01388888888888889
783,745.227218,0.225,0.225,0.01388888888888889
784,746.0200520000001,0.025,0.275,0.01388888888888889
785,746.8128859999999,0.325,0.075,0.01388888888888889
786,747.60572,0.175,0.025,0.01388888888888889
787,748.3985540000001,0.075,0.025,0.01388888888888889
788,749.191388,0.075,0.025,0.01388888888888889
789,749.984222,0.225,0.025,0.01388888888888889
790,750.7770560000001,0.225,0.125,0.06944444444444445
791,751.56989,0.075,0.225,0.125
792,752.3627240000001,0.075,0.225,0.1527777777777778
793,753.1555579999999,0.375,0.225,0.09722222222222221
794,753.948392,0.275,0.175,0.06944444444444445
795,754.7412260000001,0.275,0.025,0.2361111111111111
796,755.53406,0.275,0.075,0.20833333333333331
797,756.326894,0.225,0.125,0.041666666666666664
798,757.1197280000001,0.225,0.175,0.09722222222222221
799,757.912562,0.325,0.125,0.09722222222222221
800,758.7053960000001,0.425,0.125,0.1527777777777778
801,759.4982300000001,0.075,0.325,0.125
802,760.291064,0.025,0.225,0.125
803,761.0838980000001,0.125,0.175,0.06944444444444445
804,761.876732,0.175,0.025,0.01388888888888889
805,762.669566,0.175,0.025,0.01388888888888889
806,763.4624000000001,0.125,0.025,0.01388888888888889
807,764.255234,0.025,0.025,0.01388888888888889
808,765.0480680000001,0.075,0.075,0.06944444444444445
809,765.8409020000001,0.025,0.275,0.1527777777777778
810,766.633736,0.025,0.225,0.18055555555555555
811,767.4265700000001,0.125,0.075,0.18055555555555555
812,768.2194039999999,0.225,0.025,0.2638888888888889
813,769.012238,0.225,0.125,0.2361111111111111
814,769.8050720000001,0.175,0.125,0.041666666666666664
815,770.597906,0.125,0.175,0.01388888888888889
816,771.39074,0.225,0.275,0.09722222222222221
817,772.1835740000001,0.125,0.325,0.18055555555555555
818,772.976408,0.125,0.225,0.1527777777777778
819,773.7692420000001,0.025,0.225,0.125
820,774.5620759999999,0.025,0.375,0.09722222222222221
821,775.35491,0.025,0.375,0.01388888888888889
822,776.1477440000001,0.025,0.325,0.01388888888888889
823,776.940578,0.125,0.225,0.01388888888888889
824,777.733412,0.225,0.225,0.06944444444444445
825,778.5262460000001,0.125,0.225,0.125
826,779.31908,0.025,0.225,0.125
827,780.1119140000001,0.125,0.375,0.125
828,780.9047479999999,0.125,0.325,0.06944444444444445
829,781.697582,0.175,0.075,0.06944444444444445
830,782.4904160000001,0.125,0.025,0.06944444444444445
831,783.28325,0.125,0.075,0.06944444444444445
832,784.076084,0.175,0.225,0.06944444444444445
833,784.8689180000001,0.275,0.425,0.2361111111111111
834,785.661752,0.225,0.325,0.18055555555555555
835,786.4545860000001,0.175,0.225,0.1527777777777778
836,787.2474200000001,0.125,0.125,0.09722222222222221
837,788.040254,0.025,0.175,0.06944444444444445
838,788.8330880000001,0.025,0.175,0.125
839,789.625922,0.075,0.175,0.09722222222222221
840,790.418756,0.075,0.175,0.125
841,791.2115900000001,0.125,0.625,0.01388888888888889
842,792.004424,0.175,0.575,0.01388888888888889
843,792.797258,0.225,0.375,0.01388888888888889
844,793.5900920000001,0.225,0.175,0.06944444444444445
845,794.382926,0.225,0.475,0.09722222222222221
846,795.1757600000001,0.225,0.425,0.09722222222222221
847,795.9685939999999,0.175,0.075,0.041666666666666664
848,796.761428,0.175,0.125,0.01388888888888889
849,797.5542620000001,0.275,0.475,0.01388888888888889
850,798.347096,0.225,0.375,0.01388888888888889
851,799.13993,0.075,0.125,0.01388888888888889
852,799.9327640000001,0.075,0.075,0.01388888888888889
853,800.725598,0.075,0.025,0.01388888888888889
854,801.5184320000001,0.075,0.275,0.01388888888888889
855,802.3112659999999,0.075,0.275,0.01388888888888889
856,803.1041,0.225,0.325,0.01388888888888889
857,803.8969340000001,0.425,0.225,0.01388888888888889
858,804.689768,0.125,0.275,0.01388888888888889
859,805.482602,0.025,0.325,0.06944444444444445
860,806.2754360000001,0.125,0.325,0.1527777777777778
861,807.06827,0.175,0.325,0.09722222222222221
862,807.8611040000001,0.225,0.375,0.01388888888888889
863,808.6539379999999,0.275,0.325,0.01388888888888889
864,809.446772,0.325,0.275,0.01388888888888889
865,810.2396060000001,0.025,0.375,0.06944444444444445
866,811.03244,0.025,0.125,0.09722222222222221
867,811.825274,0.125,0.125,0.09722222222222221
868,812.6181080000001,0.125,0.325,0.09722222222222221
869,813.410942,0.275,0.475,0.06944444444444445
870,814.2037760000001,0.175,0.575,0.06944444444444445
871,814.9966100000001,0.175,0.275,0.09722222222222221
872,815.789444,0.175,0.275,0.125
873,816.5822780000001,0.225,0.125,0.375
874,817.375112,0.075,0.125,0.20833333333333331
875,818.167946,0.025,0.225,0.125
876,818.9607800000001,0.025,0.325,0.041666666666666664
877,819.753614,0.025,0.375,0.09722222222222221
878,820.546448,0.025,0.125,0.125
879,821.3392820000001,0.075,0.225,0.2361111111111111
880,822.132116,0.125,0.175,0.3472222222222222
881,822.9249500000001,0.325,0.275,0.1527777777777778
882,823.7177839999999,0.225,0.475,0.09722222222222221
883,824.510618,0.375,0.525,0.041666666666666664
884,825.3034520000001,0.425,0.125,0.06944444444444445
885,826.096286,0.525,0.125,0.125
886,826.88912,0.625,0.525,0.125
887,827.6819540000001,0.475,0.675,0.20833333333333331
888,828.474788,0.475,0.425,0.18055555555555555
889,829.2676220000001,0.375,0.719,0.40277777777777773
890,830.0604559999999,0.375,0.704,0.2638888888888889
891,830.85329,0.275,0.704,0.125
892,831.6461240000001,0.325,0.549,0.1527777777777778
893,832.438958,0.325,0.325,0.20833333333333331
894,833.231792,0.175,0.325,0.2361111111111111
895,834.0246260000001,0.025,0.375,0.06944444444444445
896,834.81746,0.025,0.325,0.06944444444444445
897,835.6102940000001,0.125,0.525,0.3472222222222222
898,836.4031280000002,0.125,0.375,0.3472222222222222
899,837.195962,0.025,0.275,0.09722222222222221
900,837.9887960000001,0.025,0.125,0.125
901,838.78163,0.025,0.225,0.3472222222222222
902,839.574464,0.025,0.375,0.3472222222222222
903,840.3672980000001,0.075,0.225,0.09722222222222221
904,841.160132,0.075,0.225,0.125
905,841.9529660000001,0.525,0.025,0.09722222222222221
906,842.7458000000001,0.175,0.025,0.06944444444444445
907,843.538634,0.125,0.175,0.06944444444444445
908,844.3314680000001,0.025,0.225,0.01388888888888889
909,845.124302,0.175,0.175,0.01388888888888889
910,845.917136,0.325,0.225,0.06944444444444445
911,846.7099700000001,0.125,0.475,0.125
912,847.502804,0.125,0.525,0.18055555555555555
913,848.295638,0.025,0.625,0.1527777777777778
914,849.0884720000001,0.025,0.375,0.1527777777777778
915,849.881306,0.025,0.125,0.09722222222222221
916,850.6741400000001,0.025,0.075,0.041666666666666664
917,851.4669739999999,0.025,0.075,0.06944444444444445
918,852.259808,0.025,0.025,0.09722222222222221
919,853.0526420000001,0.025,0.025,0.06944444444444445
920,853.845476,0.025,0.075,0.041666666666666664
921,854.63831,0.375,0.275,0.01388888888888889
922,855.4311440000001,0.375,0.175,0.01388888888888889
923,856.223978,0.375,0.125,0.01388888888888889
924,857.0168120000001,0.025,0.225,0.01388888888888889
925,857.8096459999999,0.025,0.375,0.041666666666666664
926,858.60248,0.025,0.375,0.01388888888888889
927,859.3953140000001,0.025,0.375,0.01388888888888889
928,860.188148,0.025,0.425,0.09722222222222221
929,860.980982,0.125,0.225,0.06944444444444445
930,861.7738160000001,0.075,0.375,0.06944444444444445
931,862.56665,0.025,0.425,0.09722222222222221
932,863.3594840000001,0.025,0.425,0.125
933,864.1523180000002,0.025,0.325,0.09722222222222221
934,864.945152,0.025,0.225,0.041666666666666664
935,865.7379860000001,0.325,0.025,0.01388888888888889
936,866.53082,0.325,0.025,0.01388888888888889
937,867.323654,0.325,0.325,0.01388888888888889
938,868.1164880000001,0.275,0.375,0.01388888888888889
939,868.909322,0.225,0.225,0.01388888888888889
940,869.7021560000001,0.075,0.325,0.1527777777777778
941,870.4949900000001,0.225,0.325,0.125
942,871.287824,0.175,0.125,0.125
943,872.0806580000001,0.075,0.175,0.125
944,872.8734919999999,0.225,0.075,0.09722222222222221
945,873.666326,0.575,0.125,0.2916666666666667
946,874.4591600000001,0.175,0.125,0.09722222222222221
947,875.251994,0.125,0.125,0.125
948,876.044828,0.225,0.025,0.1527777777777778
949,876.8376620000001,0.275,0.025,0.1527777777777778
950,877.630496,0.425,0.025,0.125
951,878.4233300000001,0.275,0.025,0.09722222222222221
952,879.2161639999999,0.175,0.025,0.06944444444444445
953,880.008998,0.025,0.075,0.01388888888888889
954,880.8018320000001,0.025,0.075,0.01388888888888889
955,881.594666,0.225,0.125,0.041666666666666664
956,882.3875,0.375,0.225,0.06944444444444445
957,883.1803340000001,0.375,0.175,0.06944444444444445
958,883.973168,0.325,0.075,0.09722222222222221
959,884.7660020000001,0.025,0.025,0.18055555555555555
960,885.5588360000002,0.125,0.025,0.1527777777777778
961,886.35167,0.125,0.175,0.01388888888888889
962,887.1445040000001,0.225,0.075,0.01388888888888889
963,887.937338,0.325,0.025,0.01388888888888889
964,888.730172,0.275,0.025,0.01388888888888889
965,889.5230060000001,0.225,0.075,0.01388888888888889
966,890.31584,0.275,0.125,0.01388888888888889
967,891.1086740000001,0.175,0.275,0.01388888888888889
968,891.9015080000001,0.175,0.475,0.01388888888888889
969,892.694342,0.075,0.675,0.01388888888888889
970,893.4871760000001,0.025,0.525,0.01388888888888889
971,894.28001,0.025,0.325,0.01388888888888889
972,895.072844,0.025,0.025,0.01388888888888889
973,895.8656780000001,0.025,0.025,0.01388888888888889
974,896.658512,0.125,0.125,0.041666666666666664
975,897.4513460000001,0.125,0.275,0.06944444444444445
976,898.2441800000001,0.125,0.375,0.09722222222222221
977,899.037014,0.375,0.375,0.20833333333333331
978,899.8298480000001,0.375,0.375,0.1527777777777778
979,900.6226819999999,0.125,0.175,0.125
980,901.415516,0.125,0.025,0.1527777777777778
981,902.2083500000001,0.075,0.025,0.125
982,903.001184,0.125,0.025,0.09722222222222221
983,903.794018,0.025,0.025,0.2361111111111111
984,904.5868520000001,0.025,0.125,0.18055555555555555
985,905.379686,0.225,0.425,0.20833333333333331
986,906.1725200000001,0.125,0.275,0.06944444444444445
987,906.9653539999999,0.175,0.025,0.1527777777777778
988,907.758188,0.075,0.025,0.18055555555555555
989,908.5510220000001,0.075,0.025,0.2916666666666667
990,909.343856,0.125,0.025,0.2361111111111111
991,910.13669,0.075,0.025,0.20833333333333331
992,910.9295240000001,0.175,0.175,0.1527777777777778
993,911.722358,0.125,0.275,0.01388888888888889
994,912.5151920000001,0.125,0.275,0.01388888888888889
995,913.3080260000002,0.175,0.125,0.041666666666666664
996,914.10086,0.225,0.125,0.041666666666666664
997,914.8936940000001,0.225,0.075,0.01388888888888889
998,915.686528,0.175,0.075,0.06944444444444445
999,916.479362,0.125,0.075,0.09722222222222221
1000,917.2721960000001,0.175,0.125,0.09722222222222221
1001,918.06503,0.275,0.275,0.20833333333333331
1002,918.8578640000001,0.125,0.375,0.1527777777777778
1003,919.6506980000001,0.125,0.375,0.01388888888888889
1004,920.443532,0.075,0.275,0.125
1005,921.2363660000001,0.075,0.275,0.125
1006,922.0292,0.025,0.275,0.01388888888888889
1007,922.822034,0.225,0.375,0.1527777777777778
1008,923.6148680000001,0.225,0.625,0.20833333333333331
1009,924.407702,0.325,0.225,0.09722222222222221
1010,925.200536,0.175,0.175,0.09722222222222221
1011,925.9933700000001,0.175,0.225,0.09722222222222221
1012,926.786204,0.075,0.175,0.06944444444444445
1013,927.5790380000001,0.275,0.325,0.09722222222222221
1014,928.3718719999999,0.275,0.325,0.09722222222222221
1015,929.164706,0.175,0.225,0.09722222222222221
1016,929.9575400000001,0.075,0.225,0.125
1017,930.750374,0.075,0.575,0.125
1018,931.543208,0.025,0.325,0.06944444444444445
1019,932.3360420000001,0.025,0.425,0.01388888888888889
1020,933.128876,0.075,0.425,0.06944444444444445
1021,933.9217100000001,0.025,0.275,0.09722222222222221
1022,934.7145439999999,0.025,0.175,0.06944444444444445
1023,935.507378,0.125,0.425,0.01388888888888889
1024,936.3002120000001,0.175,0.775,0.01388888888888889
1025,937.093046,0.425,0.075,0.125
1026,937.88588,0.525,0.475,0.01388888888888889
1027,938.6787140000001,0.525,0.475,0.01388888888888889
1028,939.471548,0.425,0.275,0.041666666666666664
1029,940.2643820000001,0.425,0.275,0.041666666666666664
1030,941.0572160000002,0.375,0.525,0.2638888888888889
1031,941.85005,0.175,0.575,0.09722222222222221
1032,942.6428840000001,0.125,0.275,0.041666666666666664
1033,943.435718,0.425,0.625,0.06944444444444445
1034,944.228552,0.175,0.475,0.01388888888888889
1035,945.0213860000001,0.125,0.375,0.01388888888888889
1036,945.81422,0.125,0.425,0.09722222222222221
1037,946.6070540000001,0.125,0.525,0.125
1038,947.3998880000001,0.125,0.525,0.125
1039,948.192722,0.325,0.325,0.1527777777777778
1040,948.9855560000001,0.525,0.325,0.20833333333333331
1041,949.77839,0.275,0.225,0.125
1042,950.571224,0.275,0.275,0.09722222222222221
1043,951.3640580000001,0.125,0.275,0.09722222222222221
1044,952.156892,0.125,0.375,0.125
1045,952.949726,0.075,0.375,0.125
1046,953.7425600000001,0.175,0.325,0.041666666666666664
1047,954.535394,0.175,0.175,0.01388888888888889
1048,955.3282280000001,0.175,0.175,0.041666666666666664
1049,956.1210619999999,0.275,0.175,0.125
1050,956.913896,0.125,0.175,0.18055555555555555
1051,957.7067300000001,0.275,0.175,0.18055555555555555
1052,958.499564,0.125,0.175,0.2361111111111111
1053,959.292398,0.175,0.175,0.18055555555555555
1054,960.0852320000001,0.225,0.175,0.20833333333333331
1055,960.878066,0.175,0.225,0.125
1056,961.6709000000001,0.225,0.275,0.1527777777777778
1057,962.4637340000002,0.325,0.025,0.20833333333333331
1058,963.256568,0.175,0.025,0.2916666666666667
1059,964.0494020000001,0.025,0.025,0.20833333333333331
1060,964.842236,0.075,0.025,0.2361111111111111
1061,965.63507,0.075,0.025,0.2638888888888889
1062,966.4279040000001,0.025,0.025,0.125
1063,967.220738,0.125,0.025,0.06944444444444445
1064,968.0135720000001,0.425,0.025,0.1527777777777778
1065,968.8064060000002,0.175,0.375,0.18055555555555555
1066,969.59924,0.125,0.425,0.18055555555555555
1067,970.3920740000001,0.075,0.325,0.1527777777777778
1068,971.184908,0.025,0.225,0.2361111111111111
1069,971.977742,0.025,0.225,0.2638888888888889
1070,972.7705760000001,0.075,0.275,0.1527777777777778
1071,973.56341,0.125,0.225,0.20833333333333331
1072,974.3562440000001,0.175,0.325,0.18055555555555555
1073,975.1490780000001,0.575,0.675,0.1527777777777778
1074,975.941912,0.275,0.675,0.18055555555555555
1075,976.7347460000001,0.275,0.325,0.2638888888888889
1076,977.52758,0.225,0.225,0.2916666666666667
1077,978.320414,0.375,0.225,0.2916666666666667
1078,979.1132480000001,0.475,0.325,0.3194444444444444
1079,979.906082,0.725,0.375,0.2916666666666667
1080,980.698916,0.725,0.525,0.2638888888888889
